Ivan,Krot,@John_Krot
Wads,Ader,@John_Krot
Mary,Kay,@John_Krot
Low,Test,@John_Krot
Low,Tester,@John_Krot
Mary,Krot,@John_Krot
Test,Post,@i_m_krot
Mary,Neo,@i_m_krot
Mary,Kay,@i_m_krot
Bon,Jovi,@i_m_krot
Hello,Smith,@i_m_krot
Test,Form,@i_m_krot
Final,Form,@i_m_krot
Hell,Hell,@i_m_krot
Hello,Hell,@i_m_krot
Hello,Hell,@i_m_krot
Refresh,Refresh,@i_m_krot
Refresh,Refresh,@i_m_krot
G,R,@i_m_krot
T,Neo,@i_m_krot
R,Kay,@i_m_krot
Test,R,@i_m_krot
Re,Re,@i_m_krot
Hello,From,@i_m_krot
More,Request,@i_m_krot
While,Hack,@i_m_krot
Switch,Hell,@i_m_krot
H,M,@i_m_krot
Loader,Hack,@i_m_krot
Load,Er,@i_m_krot
Del,Ete,@i_m_krot
Last,Chance,@i_m_krot
Console,Log,@i_m_krot
Start,Start,@i_m_krot
Fin,Fin,@i_m_krot